Index,X,Y,Distance_to_Next
0,0,0,1.4142135623731e+20
1,1e+20,1e+20,2.82842712474619e+20
2,-1e+20,-1e+20,1.4142135623731e+20
3,0,0,514.401594087732
4,420,297,514.401594087732
5,0,0,1
6,1,0,1.4142135623731
7,0,1,1
8,0,0,0
9,0,0,0
10,0,0,0
11,0,0,0
12,0,0,0
13,0,0,0
14,0,0,1
15,1,0,1.4142135623731
16,0,1,1
17,0,0,0
18,0,0,0
19,0,0,0
20,0,0,0
21,0,0,0
22,0,0,0
23,0,0,1.4142135623731e+20
24,1e+20,1e+20,2.82842712474619e+20
25,-1e+20,-1e+20,1.4142135623731e+20
26,0,0,514.401594087732
27,420,297,514.401594087732
28,0,0,0.650082837351195
29,0.599999074267544,0.250217517965211,0.325054644003374
30,0.281880042809462,0.18342827173251,0.20286409809499
31,0.0834497046644174,0.141247195412234,0.0580724552910345
32,0.140077684394328,0.154118946467861,0.143384746796802
33,0.280022127894881,0.185339746382397,0.00266562997569069
34,0.278105197819059,0.187192032065468,0.140449513074965
35,0.141025561481911,0.156610354141094,0.138929927412237
36,0.276131137283755,0.18898330763659,0.00266562997556068
37,0.274101887162487,0.190711811935671,0.196857000654825
38,0.0829024723143448,0.143856049552141,0.0610741138265349
39,0.142051083144452,0.159070819237058,0.134167802516539
40,0.272019442588316,0.1923758455182,0.00266562997569955
41,0.269885850996161,0.193973772326672,0.130827501782453
42,0.143153241101118,0.161497922656054,0.129108905673569
43,0.267703210106902,0.195504021298575,0.00266562997603733
44,0.265473665866466,0.196965087912076,0.125576934126742
45,0.144330951723532,0.163889278099532,0.0644620215646541
46,0.0822737162566227,0.14644646438137,0.188225020811838
47,0.263199410336256,0.19835553566395,0.00266562997564779
48,0.26088267953628,0.199673997482705,0.120048597061553
49,0.145583057101248,0.166242534415915,0.118146187865102
50,0.258525751247817,0.200919177073047,0.00266562997557057
51,0.256130942775144,0.202089850189623,0.114254718970426
52,0.146908326179073,0.168555377912298,0.112266615841104
53,0.253700608663621,0.203184865840285,0.180458501692384
54,0.0815640546770737,0.149015893035767,0.0702144936094762
55,0.148305455968966,0.170825534629103,0.108208115598745
56,0.251237138389115,0.204203147419548,0.0026656299756129
57,0.248742954005593,0.205143693764967,0.104043226451561
58,0.149773072829703,0.17305077257538,0.101922161708391
59,0.246220507764519,0.206005580142801,0.00266562997596656
60,0.243672279704242,0.206787959156827,0.0976053986710816
61,0.151309733817925,0.17522890392479,0.0954107614895988
62,0.24110077521209,0.207490061581893,0.169801604339178
63,0.0807741853054722,0.151561809284203,0.0766131513931944
64,0.152913928107864,0.17735778716451,0.0909516730096731
65,0.238508522560096,0.208111197118797,0.00266562997572842
66,0.235898070419353,0.208650755075269,0.086403161949993
67,0.154584078474272,0.179435329202761,0.0840967671501568
68,0.233271985354349,0.209108204963968,0.0817697003503181
69,0.156318542846293,0.181459487425172,0.0794225335713348
70,0.230632849300946,0.209483097025895,0.00266562997586221
71,0.227983257024789,0.209775062671724,0.0746702127216197
72,0.158115615919542,0.183428271704315,0.0722662268292315
73,0.225325813573363,0.209983814844463,0.155795673462276
74,0.0799048847325139,0.154081710012633,0.0859537836541219
75,0.159973530833668,0.185339746355112,0.0674055586071737
76,0.222663131712579,0.210109148301626,0.002665629976216
77,0.219997829358363,0.210150939816458,0.0624786180584915
78,0.16189046090858,0.187192032038865,0.0599918070300766
79,0.217332527004601,0.210109148300262,0.0574902492911712
80,0.163864521442974,0.188983307611124,0.054974559755486
81,0.214669845143817,0.20998381484219,0.0524453568093474
82,0.165893771563788,0.190711811911115,0.0499032621615265
83,0.212012401692391,0.209775062668086,0.0473489006896282
84,0.167976216137049,0.192375845494553,0.0447829002866899
85,0.209362809416689,0.209483097021121,0.00266562997572734
86,0.206723673363285,0.209108204957829,0.0396185084078019
87,0.17010980772875,0.193973772303934,0.0370213864020524
88,0.204097588298737,0.208650755067993,0.034415164092887
89,0.1722924486171,0.195504021276975,0.0318004821206365
90,0.201487136157994,0.208111197110384,0.0291779832062664
91,0.174521992856626,0.196965087891385,0.103750554966673
92,0.0789570076435666,0.156573117685411,0.130298231918758
93,0.198894883506,0.207490061572116,0.023912114880922
94,0.176796248386381,0.198355535644168,0.0212700398842249
95,0.196323379014302,0.206787959146141,0.0186227364547819
96,0.179112979185902,0.199673997464288,0.0159708553323497
97,0.193775150954934,0.20600558013075,0.0133150483807597
98,0.181469907473456,0.200919177055539,0.0106559684291802
99,0.191252704713861,0.205143693751779,0.00799426911203503
100,0.183864715946129,0.202089850173024,0.00533060470744085
101,0.188758520330794,0.204203147405224,0.0026656299757576
102,0.186295050056742,0.203184865825051,0.117012810468905
103,0.0779314859801161,0.159033582780921,0.00266562997556553
104,0.0768293280225407,0.161460686199234,0.00266562997586718
105,0.075651617398762,0.163852041642258,0.00266562997575408
106,0.0743995120201362,0.166205297958186,0.00266562997579565
107,0.0730742429409474,0.168518141453887,0.00266562997584194
108,0.0716771131501446,0.17078829817001,0.00266562997584324
109,0.0702094962884985,0.173013536115832,0.00266562997560459
110,0.0686728352993669,0.175191667464333,0.00266562997586844
111,0.0670686410085182,0.177320550703371,0.00266562997597795
112,0.0653984906407459,0.179398092740939,0.00266562997573963
113,0.0636640262678156,0.181422250962669,0.00266562997583713
114,0.0618669531936575,0.183391035240902,0.00266562997563091
115,0.0600090382790768,0.185302509890789,0.00266562997569153
116,0.0580921082032546,0.187154795573861,0.00266562997596095
117,0.056118047667951,0.188946071144983,0.00266562997556061
118,0.0540887975466831,0.190674575444064,0.00266562997587348
119,0.0520063529725121,0.192338609026592,0.00266562997569988
120,0.0498727613803567,0.193936535835064,0.00266562997572436
121,0.0476901204910973,0.195466784806968,0.00266562997603697
122,0.0454605762506617,0.196927851420469,0.00266562997570563
123,0.0431863207204515,0.198318299172342,0.00266562997564805
124,0.0408695899204758,0.199636760991098,0.00266562997603975
125,0.0385126616320122,0.200881940581439,0.00266562997557018
126,0.0361178531593396,0.202052613698015,0.0026656299759773
127,0.0336875190478167,0.203147629348678,0.00266562997582964
128,0.0312240487733106,0.204165910927941,0.00266562997561273
129,0.0287298643897884,0.205106457273359,0.00266562997570942
130,0.0262074181487151,0.205968343651193,0.00266562997596712
131,0.0236591900884378,0.20675072266522,0.00266562997590524
132,0.0210876855962852,0.207452825090286,0.00266562997562886
133,0.0184954329442917,0.208073960627189,0.00266562997572872
134,0.0158849808035484,0.208613518583661,0.00266562997606664
135,0.0132588957385451,0.209070968472361,0.00266562997553488
136,0.0106197596851416,0.209445860534288,0.0026656299758621
137,0.00797016740898471,0.209737826180117,0.00266562997566239
138,0.00531272395755877,0.209946578352856,0.00266562997567767
139,0.002650042096775,0.210071911810019,0.00266562997621669
140,-1.5260257441696e-05,0.210113703324851,0.0026656299757834
141,-0.00268056261120364,0.210071911808654,0.00266562997572042
142,-0.00534324447198742,0.209946578350582,0.0026656299757692
143,-0.00800068792341335,0.209737826176479,0.00266562997553463
144,-0.0106502801991155,0.209445860529513,0.00266562997572671
145,-0.013289416252519,0.209070968466222,0.00266562997581371
146,-0.0159155013170675,0.208613518576385,0.00266562997595887
147,-0.0185259534578108,0.208073960618776,0.0026656299759467
148,-0.0211182061098043,0.207452825080509,0.00266562997570628
149,-0.0236897106015022,0.206750722654533,0.00266562997549802
150,-0.02623793866087,0.205968343639142,0.00266562997607673
151,-0.0287603849019433,0.205106457260172,0.00266562997558882
152,-0.0312545692850108,0.204165910913616,0.00266562997575666
153,-0.0337180395590622,0.203147629333444,0.0026656299757083
154,-0.0361483736696755,0.202052613681417,0.00266562997596982
155,-0.0385431821423481,0.200881940563931,0.00266562997566076
156,-0.0409001104299023,0.19963676097268,0.00266562997592694
157,-0.0432168412294232,0.198318299152561,0.00266562997579226
158,-0.0454910967591786,0.196927851399778,0.00266562997577513
159,-0.0477206409987048,0.195466784785367,0.00266562997563172
160,-0.0499032818870546,0.193936535812327,0.00266562997588144
161,-0.0520368734787553,0.192338609002945,0.00266562997573103
162,-0.0541193180520168,0.190674575419507,0.0026656299758039
163,-0.05614856817283,0.188946071119517,0.00266562997605146
164,-0.0581226287072241,0.187154795547258,0.00266562997551132
165,-0.0600395587821367,0.185302509863504,0.00266562997596588
166,-0.0618974736962628,0.183391035212708,0.00266562997589608
167,-0.0636945467695114,0.181422250933565,0.00266562997566565
168,-0.0654290111415321,0.179398092711153,0.00266562997565473
169,-0.0670991615079402,0.177320550672903,0.00266562997586652
170,-0.0687033557978793,0.175191667433182,0.0026656299758231
171,-0.0702400167861015,0.173013536083772,0.00266562997572235
172,-0.0717076336468381,0.170788298137495,0.0026656299759452
173,-0.0731047634367314,0.168518141420691,0.00266562997570997
174,-0.0744300325145559,0.166205297924307,0.00266562997572771
175,-0.0756821378922723,0.163852041607925,0.0026656299756726
176,-0.0768598485146867,0.161460686164446,0.00266562997581047
177,-0.0779620064713527,0.159033582745451,0.117450430040092
178,-0.186825569790017,0.20311677793552,0.00266562997581261
179,-0.189289040062249,0.20413505952024,0.00533060470761625
180,-0.184395235681222,0.202021762279173,0.00799426911211739
181,-0.191783224443498,0.205075605871343,0.0106559684292041
182,-0.182000427210824,0.20085108915714,0.0133150483805329
183,-0.194305670682752,0.205937492254861,0.0159708553321321
184,-0.179643498925543,0.199605909561569,0.0186227364550011
185,-0.19685389874121,0.2067198712748,0.0212700398845095
186,-0.177326768128296,0.198287447737357,0.0239121148811663
187,-0.199425403231544,0.20742197370555,0.0265483119914152
188,-0.175052512601269,0.196896999980254,0.104184916024071
189,-0.0789875281338936,0.156573117649486,0.133362559847095
190,-0.202017655882173,0.208043109248592,0.031800482120945
191,-0.172822968364017,0.19543593336175,0.0344151640931823
192,-0.204628108022007,0.208582667210749,0.00266562997577591
193,-0.207254193085646,0.209040117105587,0.0396185084081229
194,-0.170640327478395,0.193905684384845,0.0422058917064955
195,-0.209893329138595,0.209415009173654,0.0447829002873692
196,-0.168506735889423,0.192307757571598,0.0473489006903628
197,-0.212542921413842,0.209706974825394,0.0499032621621447
198,-0.166424291319345,0.190643723984294,0.0524453568098735
199,-0.215200364864813,0.209915727004272,0.0549745597560409
200,-0.164395041201715,0.188915219680439,0.0574902492919944
201,-0.217863046725597,0.210041060467347,0.0026656299758583
202,-0.220528349079359,0.210082851988318,0.0624786180589393
203,-0.162420980670959,0.187123944104769,0.0649500710888165
204,-0.223193651433121,0.210041060478261,0.0674055586073314
205,-0.160504050599229,0.185271658417378,0.0863951358686706
206,-0.0799354052214767,0.154081709976253,0.156238134620118
207,-0.22585633329436,0.2099157270261,0.0722662268295205
208,-0.158646135688741,0.18336018376317,0.0746702127219502
209,-0.22851377674624,0.209706974858136,0.00266562997579149
210,-0.231163369022852,0.209415009217082,0.0794225335714941
211,-0.156849062619131,0.181391399480844,0.0817697003506785
212,-0.233802505077165,0.20904011715993,0.0840967671505714
213,-0.155114598250748,0.17936724125525,0.0864031619504756
214,-0.236428590143078,0.208582667276005,0.00266562997560615
215,-0.23903904228473,0.208043109324535,0.0909516730107833
216,-0.153444447887523,0.177289699213816,0.0770613810777362
217,-0.0808047057935255,0.151561809247369,0.170251431003816
218,-0.241631294938088,0.207421973792179,0.00266562997596378
219,-0.244202799431605,0.206719871371888,0.0976053986722714
220,-0.151840253601677,0.17516081597114,0.0997760432684282
221,-0.246751027492792,0.205937492362409,0.101922161708922
222,-0.150303592617547,0.172982684619001,0.104043226452312
223,-0.249273473735684,0.205075605989123,0.00266562997571016
224,-0.251767658121025,0.204135059648252,0.108208115599577
225,-0.148835975760903,0.170757446669995,0.0706689543597942
226,-0.0815945751637628,0.149015892998705,0.180915132806112
227,-0.25423112839735,0.203116778073536,0.00266562997586078
228,-0.256661462510692,0.202021762427194,0.114254718971068
229,-0.147438845975103,0.16848728995069,0.116214736910973
230,-0.259056270985639,0.200851089315165,0.118146187866074
231,-0.146113576901371,0.166174446451805,0.120048597062471
232,-0.261413199276376,0.199605909728916,0.00266562997559883
233,-0.263729930078625,0.198287447914254,0.188686962400892
234,-0.0823042367424023,0.146446464343853,0.0649252548728066
235,-0.144861471528202,0.163821190133149,0.125576934127425
236,-0.266004185611564,0.196897000166473,0.00266562997595113
237,-0.268233729854728,0.195435933557292,0.129108905674673
238,-0.14368376090988,0.161429834687397,0.130827501783469
239,-0.270416370746716,0.193905684589254,0.00266562997593115
240,-0.272549962342055,0.192307757784647,0.134167802517701
241,-0.142581602957762,0.159002731266355,0.0615416823136619
242,-0.0829329927987601,0.143856049514397,0.197326510831848
243,-0.274632406918954,0.190643724205984,0.00266562997597111
244,-0.27666165704386,0.188915219910541,0.138929927413507
245,-0.141556081299768,0.156542266168572,0.140449513075672
246,-0.278635717581892,0.187123944342829,0.00266562997577893
247,-0.280552647661352,0.185271658663396,0.143384746798203
248,-0.140608204216278,0.154050858493747,0.0585451943524284
249,-0.0834802251474684,0.141247195374262,0.203339083708095
250,-0.282410562579571,0.183360184016692,0.324580110233763
251,-0.600072322482447,0.250017923663108,0.323233816561043
252,-0.284207635657367,0.181391399741869,0.147522406851284
253,-0.139738903649231,0.151530957763271,0.289572418005631
254,-0.423639596741396,0.208562367805598,0.00266589838654242
255,-0.421028881766688,0.208022755418597,0.00533114146258176
256,-0.426265946219701,0.209019863842514,0.00799507407890289
257,-0.418436368120638,0.207401557222056,0.0106570414091001
258,-0.428905348006083,0.209394793724186,0.0133163891088999
259,-0.415864604731269,0.206699383970545,0.0159724634782327
260,-0.431555207071597,0.209686788824456,0.0186246116220821
261,-0.413316120126183,0.205916926032387,0.0212721816098164
262,-0.434212918106368,0.209895562057,0.0239145226362556
263,-0.410793419946003,0.205054952711407,0.0265509851823828
264,-0.436875868079824,0.210020908158413,0.0291809211735277
265,-0.408298984479188,0.20411431148932,0.0318036841391293
266,-0.43954143881092,0.210062703889889,0.0344186293722079
267,-0.405835266225949,0.203095927193772,0.0370251140877456
268,-0.442207009542017,0.210020908158413,0.159243113577147
269,-0.285942100033935,0.179367241523323,0.119623314906148
270,-0.403404687484453,0.202000801087934,0.042210141380539
271,-0.444869959515472,0.209895562057,0.0447874094151258
272,-0.401009637971129,0.200830009887113,0.0473536681596745
273,-0.447527670550244,0.209686788824456,0.0499082867964903
274,-0.398652472470985,0.199584704699191,0.0524506373693443
275,-0.450177529615758,0.209394793724186,0.0026658983863094
276,-0.45281693140214,0.209019863842514,0.0574960377300515
277,-0.396335508521133,0.198266109893666,0.110728301029092
278,-0.287612250405346,0.177289699488711,0.170719754492536
279,-0.455443280880445,0.208562367805598,0.0624849086635316
280,-0.394061024132952,0.196875521897709,0.0649566104796704
281,-0.458053995855153,0.208022755418597,0.324520304700363
282,-0.138949034283542,0.148985041513015,0.257109110327714
283,-0.39183125555337,0.195414307920601,0.0698515090869194
284,-0.460646509501203,0.207401557222056,0.382928573443766
285,-0.0839453957564729,0.138622466917241,0.310657609405499
286,-0.389648395063887,0.193883904611084,0.0746777305134946
287,-0.463218272890572,0.206699383970545,0.17683697992054
288,-0.289216444699832,0.175160816252628,0.0997787090385111
289,-0.387514588827798,0.192285816643562,0.0794305296746366
290,-0.465766757495658,0.205916926032387,0.081777932680109
291,-0.385431934777444,0.190621615239024,0.0841052336745426
292,-0.468289457675837,0.205054952711407,0.00266589838643446
293,-0.470783893142652,0.20411431148932,0.0886972463984725
294,-0.383402480555105,0.188892936621187,0.0940055464956279
295,-0.290753105693057,0.172982684906856,0.184962298787489
296,-0.473247611395891,0.203095927193772,0.0932020530344707
297,-0.381428221494843,0.187101480406227,0.246568765239668
298,-0.13823937270945,0.146415612856799,0.341986357414818
299,-0.475678190137387,0.202000801087934,0.097615224509029
300,-0.379511098666171,0.185249007932725,0.0884851123087061
301,-0.292220722558795,0.170757446963762,0.188269798826525
302,-0.478073239650712,0.200830009887113,0.101932421845079
303,-0.377652996960478,0.183337340529988,0.104053699966787
304,-0.480430405150855,0.199584704699191,0.00266589838629893
305,-0.482747369100707,0.198266109893666,0.108219008066513
306,-0.375855743242482,0.181368357727024,0.0832405706197757
307,-0.293617852354146,0.168487290250141,0.19349776057222
308,-0.485021853488888,0.196875521897709,0.405294028594874
309,-0.0843280472754486,0.135984444744736,0.293018884507674
310,-0.374121104550341,0.179343995404224,0.239162697447176
311,-0.137610616658094,0.143825198026207,0.353426468907005
312,-0.48725162206847,0.195414307920601,0.194518710914961
313,-0.294943121436972,0.166174446756713,0.0782972929647244
314,-0.372450786360787,0.177266243890699,0.118158079807387
315,-0.489434482557954,0.193883904611084,0.00266589838611802
316,-0.491568288794042,0.192285816643562,0.121933768396584
317,-0.37084643091066,0.175137146007728,0.0755039940831287
318,-0.296195226820146,0.163821190443059,0.199266210281357
319,-0.493650942844397,0.190621615239024,0.125589573140938
320,-0.369309615583461,0.172958795059003,0.127371391136382
321,-0.495680397066735,0.188892936621187,0.361772330797536
322,-0.137063384313933,0.141216343884935,0.232658448125461
323,-0.367841851357753,0.17073333277358,0.130840668520846
324,-0.497654656126997,0.187101480406227,0.201920281831099
325,-0.297372937448017,0.161429835002309,0.30513961636595
326,-0.600063165871688,0.200014949914475,0.0254958964748997
327,-0.575061678999191,0.195018311922468,0.0761194082282893
328,-0.499571778955669,0.185249007932725,0.134181304900265
329,-0.366444581321957,0.168462947199714,0.135802351285581
330,-0.501429880661362,0.183337340529988,0.204408458848089
331,-0.298475095410595,0.159002731585815,0.215382124646997
332,-0.0846278034860006,0.133335722528045,0.28240428501
333,-0.365119179255998,0.166149870553909,0.138943908179503
334,-0.503227134379358,0.181368357727024,0.36911599146205
335,-0.136598213709931,0.138591615427231,0.228662103812615
336,-0.363866948279338,0.163796377025619,0.141948857059075
337,-0.5049617730715,0.179343995404224,0.206722532548613
338,-0.299500617078593,0.156542266492352,0.208165633177541
339,-0.506632091261054,0.177266243890699,0.144814243493384
340,-0.362689119570859,0.161404780542171,0.0626735639221898
341,-0.300448494172088,0.154050858821165,0.20885512856452
342,-0.50823644671118,0.175137146007728,0.147537250268594
343,-0.361586851157881,0.158977432493202,0.14884451910917
344,-0.509773262038379,0.172958795059003,0.209553892923923
345,-0.301317794749593,0.151530958094327,0.210799654465586
346,-0.511241026264088,0.17073333277358,0.376634742132088
347,-0.136215562195503,0.135953593254044,0.225286083401455
348,-0.360561226777463,0.156516719418278,0.152545558548038
349,-0.512638296299883,0.168462947199714,0.42945928508456
350,-0.0848443696722825,0.130678904458364,0.275758922339938
351,-0.359613254811393,0.154025060662207,0.0577260318206674
352,-0.302107664125742,0.148985041847254,0.212550254265835
353,-0.513963698365842,0.166149870553909,0.00266589838640043
354,-0.515215929342503,0.163796377025619,0.156954090299422
355,-0.358743867294379,0.151504905993761,0.0561576259719822
356,-0.302817325709839,0.146415613193994,0.214101769234544
357,-0.516393758050981,0.161404780542171,0.381514189669424
358,-0.135915805989498,0.133304871036671,0.222589233857994
359,-0.357953918999101,0.148958733199834,0.159856367999086
360,-0.517496026463959,0.158977432493202,0.214585575054879
361,-0.303446081772108,0.143825198365903,0.0538591625920495
362,-0.357244186592197,0.146389045647538,0.16159514303227
363,-0.518521650844377,0.156516719418278,0.00266589838612835
364,-0.519469622810448,0.154025060662207,0.21585667193922
365,-0.303993314126728,0.141216344227132,0.0526853622631618
366,-0.356615367874383,0.143798369823344,0.272095897725772
367,-0.0849775329079421,0.128016602687239,0.435994628881051
368,-0.520339010327461,0.151504905993761,0.38520483042525
369,-0.135699239808673,0.130648052966535,0.220620812944072
370,-0.356068081093326,0.141189252849017,0.0516749277113317
371,-0.304458484741644,0.138591615771247,0.216918351864558
372,-0.521128958622739,0.148958733199834,0.00266589838625457
373,-0.521838691029643,0.146389045647538,0.166419882669454
374,-0.355602864334742,0.138564259977784,0.0508288167810722
375,-0.304841136266987,0.135953593599424,0.217767717874492
376,-0.522467509747457,0.143798369823344,0.167432510667281
377,-0.355220174994429,0.135925972071846,0.219797566089566
378,-0.135566076577561,0.127985751195183,0.387673629548819
379,-0.523014796528514,0.141189252849017,0.218016516655813
380,-0.305140892483905,0.133304871383416,0.218402456125151
381,-0.523480013287099,0.138564259977784,0.16864252763321
382,-0.354920389327617,0.133276983064661,0.168963079889798
383,-0.523862702627412,0.135925972071846,0.21856897780983
384,-0.305357458675644,0.130648053314189,0.220393951102564
385,-0.0850271622693981,0.125351434757476,0.269728097829287
386,-0.354703802080621,0.130619897411179,0.169479516276776
387,-0.524162488294223,0.133276983064661,0.218735873316696
388,-0.30549062191767,0.127985751543292,0.169995068121779
389,-0.135516447221107,0.125320583265193,0.388898735449787
390,-0.524379075541219,0.130619897411179,0.169829322399257
391,-0.354570626198438,0.127957327526474,0.169941625224965
392,-0.524512251423403,0.127957327526474,0.218987874694145
393,-0.305540251285038,0.125320583613529,0.0489807497380108
394,-0.3545209926192,0.125291891218012,0.17004089238344
395,-0.52456188500264,0.125291891218012,0.00266589838628128
396,-0.524527927480449,0.122626209111559,0.169972977339057
397,-0.354554950141392,0.122626209111559,0.0490486607084329
398,-0.305506297982902,0.122655169885547,0.169955897448745
399,-0.135550400534157,0.122655169537438,0.38886933153735
400,-0.524410412243014,0.119962902074349,0.439425640941812
401,-0.0849932089608956,0.122686021029494,0.269693004579228
402,-0.354672465378826,0.119962902074349,0.0492836786529241
403,-0.305388795393355,0.119992130961919,0.218837162932048
404,-0.52420945483027,0.117304588638262,0.00266589838626034
405,-0.5239252528213,0.114653882425955,0.169072610081659
406,-0.35487342279157,0.117304588638262,0.0496855725029944
407,-0.305187859044054,0.11733408510986,0.218435037630304
408,-0.523558085640161,0.112013389580397,0.168421160824477
409,-0.35515762480054,0.114653882425955,0.219554628306269
410,-0.135667903134618,0.119992130614264,0.387585562718581
411,-0.523108314280762,0.109385706203284,0.218268934461384
412,-0.304903686492707,0.114683645688046,0.21781637599291
413,-0.522576380953524,0.106773415801854,0.167133750939833
414,-0.355524791981679,0.112013389580397,0.166622296506034
415,-0.521962808648823,0.104179086749127,0.217568431907199
416,-0.304536557134725,0.11204341857615,0.219805738766793
417,-0.0848757063654375,0.120022982106093,0.271307467446311
418,-0.355974563341078,0.109385706203284,0.165476650066822
419,-0.521268200623581,0.101605269759375,0.385720187674773
420,-0.135868839494833,0.117334084762888,0.168404242970307
421,-0.304086831927179,0.109415999613475,0.0524862315352774
422,-0.356506496668317,0.106773415801854,0.164168308934155
423,-0.520493239808729,0.0990544953785957,0.00266589838615905
424,-0.519638688136638,0.0965292714984116,0.162698559453426
425,-0.357120068973018,0.104179086749127,0.0536293918329469
426,-0.303554953034109,0.106803972046237,0.215529185771917
427,-0.518705385791691,0.0940320808890647,0.161068846664146
428,-0.35781467699826,0.101605269759375,0.160194498650971
429,-0.517694250386285,0.0915653787590145,0.215124736211147
430,-0.302941443392683,0.104209903988703,0.167116965283236
431,-0.136153012056639,0.114683645342211,0.381310363880675
432,-0.516606276056336,0.0891315903409122,0.158327893960847
433,-0.358589637813111,0.0990544953785957,0.27452618645321
434,-0.0846747700102242,0.117364936254489,0.4318555013657
435,-0.515442532486304,0.086733108506678,0.213715889800389
436,-0.302246906197979,0.101636345896623,0.0574248328195026
437,-0.359444189485203,0.0965292714984116,0.155236728358854
438,-0.514204163854629,0.0843722914155478,0.213240360522286
439,-0.301472024310442,0.0990858280613338,0.212105492029364
440,-0.512892387710963,0.0820514601948616,0.152984733675467
441,-0.36037749183015,0.0940320808890647,0.22458076855121
442,-0.136520141425535,0.112043418231906,0.376374349501328
443,-0.51150849377791,0.0797728966588238,0.150582326203235
444,-0.361388627235556,0.0915653787590145,0.060976040191416
445,-0.300617559585135,0.0965608581207107,0.210298344765293
446,-0.510053842683647,0.0775388410640971,0.148031867960374
447,-0.362476601565504,0.0891315903409122,0.146701897799583
448,-0.508529864624052,0.075351489907689,0.209682147738541
449,-0.299684352120494,0.0940639185948839,0.208299927146256
450,-0.506938057957086,0.0732129937680384,0.143934109933794
451,-0.363640345135536,0.086733108506678,0.227802588556436
452,-0.136969866643994,0.10941599927105,0.0528455639110829
453,-0.0843905974529662,0.114714496833358,0.423140500775863
454,-0.505279987727135,0.0711254551888487,0.207618444618059
455,-0.298673319435238,0.0915974644440212,0.0665984786909097
456,-0.364878713767212,0.0843722914155478,0.13951797729376
457,-0.503557284130238,0.0690909266136259,0.0720563556032558
458,-0.575039094244858,0.0600096708876663,0.0736108306820866
459,-0.501771640907918,0.0671114083670545,0.136401809571207
460,-0.366190489910878,0.0820514601948616,0.0689727325212265
461,-0.297585455564786,0.0891639206563468,0.203754803663056
462,-0.49992481368372,0.0651888466879882,0.126033867783259
463,-0.62504023783913,0.0500011389340216,0.259181449049699
464,-0.36757438384393,0.0797728966588238,0.23165512709774
465,-0.137501745547979,0.106803971706086,0.363129212555178
466,-0.498018618236074,0.0633251318165549,0.202954980934896
467,-0.296421830083091,0.0867656798623102,0.0731911248108615
468,-0.369029034938194,0.0775388410640971,0.12803169063847
469,-0.496054928714329,0.0615220961351497,0.00266589838638932
470,-0.494035675794748,0.0597815123671808,0.124460404193621
471,-0.370553012997789,0.075351489907689,0.0759112522799069
472,-0.295183587052634,0.0844050999833144,0.198529007204674
473,-0.491962844783302,0.0581050918342498,0.411493872639639
474,-0.0840234680886169,0.11207426972237,0.290730308022502
475,-0.372144819664754,0.0732129937680384,0.118875164778971
476,-0.48983847366253,0.0564944827733598,0.354945043345124
477,-0.138115255199864,0.104209903651054,0.237998407301598
478,-0.373802889894705,0.0711254551888487,0.115004804118719
479,-0.48766465108929,0.054951268716195,0.195682972442309
480,-0.293871943898921,0.0820845019125045,0.193695786373781
481,-0.485443514340204,0.0534769669327488,0.111021372089322
482,-0.375525593491602,0.0690909266136259,0.108988473968099
483,-0.483177247211188,0.0520730269390697,0.192695208889784
484,-0.292488190214044,0.0798061672339827,0.0857677452205077
485,-0.377311236713922,0.0671114083670545,0.104842811944805
486,-0.480868077869218,0.0507408290727653,0.102731067096929
487,-0.379158063938121,0.0651888466879882,0.100594069702919
488,-0.478518276661816,0.0494816831344451,0.343688759037805
489,-0.138809792405027,0.101636345561701,0.154114212475165
490,-0.291033686487481,0.0775723359786298,0.0911509017115533
491,-0.381064259385766,0.0633251318165549,0.0962464245564638
492,-0.47613015388697,0.0482968271021491,0.00266589838633035
493,-0.473706057518029,0.0471874259121705,0.0918041510585576
494,-0.383027948907511,0.0615220961351497,0.0895488900324676
495,-0.471248370898138,0.046154570314684,0.0872716168001783
496,-0.385047201827092,0.0597815123671808,0.305537055510744
497,-0.08357374287516,0.109446850760605,0.20873399634093
498,-0.289509862769592,0.0753852044222185,0.181773558200602
499,-0.468759510396012,0.0451992758012238,0.0826532781160893
500,-0.387120032838538,0.0581050918342498,0.0803133479082129
501,-0.466241923030339,0.0443224816060592,0.0779536757023698
502,-0.38924440395931,0.0564944827733598,0.0755748415346058
503,-0.463698084062344,0.0435250497828292,0.328841150758027
504,-0.139584674303023,0.0990858277295956,0.150567224086985
505,-0.287918217265542,0.073246922926046,0.175866527178569
506,-0.461130494565623,0.0428077643573488,0.0707620308670419
507,-0.391418226532551,0.054951268716195,0.0683292374141143
508,-0.458541678963229,0.0421713305559024,0.0658796478035411
509,-0.393639363281636,0.0534769669327488,0.235082282136143
510,-0.625033523767343,0.0119989984741551,0.171673457879398
511,-0.455934182548845,0.0416163741131186,0.0609324926466176
512,-0.395905630410653,0.0520730269390697,0.0584361431707321
513,-0.453310568981578,0.0411434406551052,0.169725533885018
514,-0.286260314861465,0.0711595938223581,0.113801285762261
515,-0.398214799752623,0.0507408290727653,0.0534009684388764
516,-0.450673417767575,0.0407529951648939,0.0508633808896194
517,-0.400564600960024,0.0494816831344451,0.0483132905031205
518,-0.44802532172298,0.0404454215236001,0.0457513241224409
519,-0.40295272373487,0.0482968271021491,0.0431781115096181
520,-0.445368884424624,0.0402210221343466,0.0405942851918312
521,-0.405376820103811,0.0471874259121705,0.0380004803049881
522,-0.442706717650253,0.0400800176234952,0.0353973344378343
523,-0.407834506723702,0.046154570314684,0.0327854874754263
524,-0.440041438811022,0.0400225466255506,0.001000000000204
525,-0.439041438810818,0.0400225466255506,0.303907739386096
526,-0.14043913903879,0.0965608577926105,0.146687189114966
527,-0.284537785587418,0.0691252693479782,0.128040875173955
528,-0.410323367225828,0.0451992758012238,0.0265509851821682
529,-0.436376159971587,0.0400800176234952,0.0239145226363843
530,-0.412840954591502,0.0443224816060592,0.0212721816096452
531,-0.433713993197216,0.0402210221343466,0.0186246116217573
532,-0.415384793559497,0.0435250497828292,0.0159724634781614
533,-0.43105755589886,0.0404454215236001,0.0133163891089021
534,-0.417952383056218,0.0428077643573488,0.0106570414090644
535,-0.428409459854265,0.0407529951648939,0.00799507407873257
536,-0.420541198658611,0.0421713305559024,0.00533114146204071
537,-0.425772308640262,0.0411434406551052,0.00266589838629507
538,-0.423148695072996,0.0416163741131186,0.346303483464043
539,-0.0830418639761774,0.106834823194731,0.203615996753422
540,-0.282752323013028,0.067145949625683,0.337034847530905
541,-0.613030856828118,0,0.480946744528592
542,-0.141372346513435,0.0940639182704217,0.142482689987181
543,-0.280905682583125,0.0652235806987846,0.00266562997585866
544,-0.278999679892422,0.0633600526170994,0.139503996434187
545,-0.142383379208695,0.091597464123879,0.13796302682888
546,-0.277036188899729,0.0615571975788498,0.199233770637218
547,-0.0824283543288402,0.104240755138562,0.197645969460605
548,-0.275017140085311,0.0598167881289555,0.134779735811611
549,-0.143471243089607,0.0891639203405248,0.133138196891436
550,-0.272944518553686,0.0581405354171238,0.00266562997608033
551,-0.270820362080485,0.0565300875146022,0.129757349677923
552,-0.144634868581306,0.086765679551263,0.128018872438358
553,-0.268646759111562,0.0549870277941409,0.00266562997556196
554,-0.266425846706625,0.0535128733733927,0.19086640531627
555,-0.0817338171282245,0.101667197048073,0.0664216011829754
556,-0.145873111621313,0.0844050996772694,0.122616377140234
557,-0.264159808439217,0.0521090736228871,0.00266562997578237
558,-0.261850872251216,0.0507770087417612,0.11886327273297
559,-0.147184754784121,0.0820845016119165,0.304135090278207
560,-0.440041438811022,2.8936539820279e-05,0.001000000000204
561,-0.439041438810818,2.89365416392684e-05,0.186235938346583
562,-0.259501308260496,0.049517988399657,0.00266562997560171
563,-0.257113426529941,0.0483332504506961,0.11301567903202
564,-0.148568508478547,0.079806166939079,0.0703132297543396
565,-0.0809589352352305,0.0991166792146032,0.181315166103567
566,-0.25468957479552,0.0472239597143016,0.108977581396031
567,-0.150023012214206,0.0775723356896378,0.106918100740426
568,-0.252232136158909,0.0461912068317361,0.00266562997553489
569,-0.249743526744624,0.0452360071931253,0.102720806856557
570,-0.15154683594119,0.075385204139593,0.100584025373216
571,-0.247226193322149,0.0443592999392877,0.00266562997564543
572,-0.244682610903965,0.0435619470381425,0.0962368194292151
573,-0.15313848145388,0.0732469226500143,0.0766742839421378
574,-0.0801044705040113,0.0965917092760264,0.170693409400677
575,-0.242115280308553,0.0428447324372883,0.0917949946126198
576,-0.154796383866142,0.0711595935531477,0.08953996134421
577,-0.239526725705218,0.042208361293433,0.00266562997568198
578,-0.236919492128891,0.0416534592789048,0.0849644245221708
579,-0.15651891314883,0.069125269085589,0.082645045691023
580,-0.234296142979929,0.0411805719666063,0.0803053517101087
581,-0.158304375731404,0.0671459493705697,0.0779459177041731
582,-0.231659257502997,0.0407901642936395,0.00266562997562507
583,-0.229011428252761,0.0404826201040578,0.073170154238248
584,-0.160151016169038,0.0652235804514021,0.070754998717691
585,-0.226355258541844,0.0402582417718804,0.156721090726996
586,-0.0791712630339134,0.0940947697522461,0.0884006299310646
587,-0.162057018867472,0.0633600523774476,0.0658731083290752
588,-0.223693359885146,0.0401172499025506,0.0634075734882885
589,-0.164020509867441,0.0615571973473834,0.0609264523001798
590,-0.221028349427797,0.0400597831180676,0.00100000000020301
591,-0.220028349427594,0.0400597831160212,0.0574902492920278
592,-0.166039558689135,0.0598167879056746,0.0549745597562255
593,-0.217363338970245,0.0401172498895903,0.00266562997572987
594,-0.214701440312638,0.0402582417480062,0.0499032621621344
595,-0.168112180228036,0.0581405352024831,0.0473489006900285
596,-0.212045270600811,0.0404826200692696,0.0447829002870752
597,-0.170236336707148,0.0565300873086017,0.042205891706517
598,-0.209397441349211,0.0407901642479374,0.0396185084083392
599,-0.172409939682439,0.0549870275970079,0.0370213864024471
600,-0.206760555870915,0.0411805719102176,0.034415164093022
601,-0.174630852093742,0.0535128731853547,0.0318004821211761
602,-0.204137206720134,0.0416534592116022,0.0291779832068734
603,-0.176896890366606,0.0521090734441714,0.0265483119917268
604,-0.201529973141078,0.0422083612154438,0.132900057674065
605,-0.078160230343201,0.0916283156038844,0.130261020325453
606,-0.198941418535014,0.0428447323488399,0.0212700398844961
607,-0.179205826560064,0.0507770085723678,0.018622736455419
608,-0.196374087937329,0.043561946939235,0.0159708553324225
609,-0.181555390556241,0.0495179882400407,0.0133150483805317
610,-0.193830505515507,0.0443592998299209,0.0106559684291781
611,-0.183943272291799,0.0483332503006295,0.00799426911237867
612,-0.191313172089849,0.0452360070735267,0.0053306047075204
613,-0.186367124030767,0.0472239595742394,0.00266562997551649
614,-0.188824562671016,0.0461912067016783,0.119740803276211
615,-0.0770723664668367,0.0891947718187112,0.00266562997592208
616,-0.0759087409796848,0.0867965310271757,0.0026656299758646
617,-0.0746704979437709,0.0844359511509083,0.168934543982476
618,-0.221028349427797,6.61730337014887e-05,0.168932967756004
619,-0.0733588547850559,0.0821153530832817,0.168059538870919
620,-0.220028349427594,6.61730337014887e-05,0.168175955812659
621,-0.0719751010951768,0.0798370184079431,0.00266562997593728
622,-0.0705205973631564,0.0776031871560008,0.00266562997593023
623,-0.068996773640265,0.0754160556030001,0.00266562997551299
624,-0.0674051281316679,0.0732777741104655,0.00266562997572562
625,-0.0657472257230438,0.0711904450106431,0.00266562997609261
626,-0.0640246964439939,0.0691561205399012,0.00266562997558728
627,-0.062239233865057,0.067176800821926,0.0026656299757914
628,-0.060392593431061,0.0652544318991204,0.00266562997593101
629,-0.0584865907358108,0.0633909038219826,0.00266562997578918
630,-0.0565230997390245,0.0615880487880531,0.00266562997551321
631,-0.0545040509209684,0.0598476393429337,0.00266562997600874
632,-0.0524314293852512,0.0581713866356495,0.00266562997559466
633,-0.0503072729088672,0.0565609387381301,0.0026656299759163
634,-0.0481336699363055,0.0550178790224436,0.00266562997582648
635,-0.0459127575277307,0.0535437246066977,0.00266562997593803
636,-0.0436467192571399,0.0521399248614216,0.00266562997553253
637,-0.0413377830664103,0.0508078599855253,0.0026656299761099
638,-0.0389882190725075,0.0495488396488781,0.00266562997572234
639,-0.0366003373392232,0.0483641017051468,0.00266562997558056
640,-0.0341764856025293,0.0472548109744366,0.00266562997593268
641,-0.0317190469636444,0.0462220580975554,0.0026656299756214
642,-0.0292304375470849,0.045266858464629,0.00266562997582753
643,-0.0267131041227913,0.0443901512164757,0.0026656299756809
644,-0.0241695217027882,0.0435927983210149,0.00266562997588547
645,-0.0216021911060125,0.0428755837260724,0.0026656299755813
646,-0.0190136365013132,0.0422392125881288,0.00266562997578613
647,-0.0164064029236215,0.0416843105795124,0.0026656299760205
648,-0.0137830537732953,0.0412114232731255,0.00266562997566601
649,-0.0111461682959089,0.0408210156062978,0.00266562997582031
650,-0.00849833904476327,0.0405134714228552,0.00266562997601132
651,-0.00584216933339121,0.0402890930963622,0.00266562997551607
652,-0.00318027067623916,0.0401481012333988,0.00266562997589565
653,-0.000515260218890035,0.0400906344550549,0.0399936100820923
654,-0.000515260218435287,9.70243729625508e-05,0.00100000000020373
655,0.00048473978176844,9.70243729625508e-05,0.0399936100823197
656,0.00048473978176844,0.0400906344552823,0.00266562997592016
657,0.00314975023911757,0.0401481012347631,0.00266562997558822
658,0.00581164889626962,0.0402890930990907,0.00266562997563474
659,0.00846781860718693,0.0405134714264932,0.00266562997597765
660,0.0111156478583325,0.0408210156113,0.00266562997586582
661,0.0137525333357189,0.041211423279492,0.00266562997573434
662,0.0163758824855904,0.0416843105867883,0.0026656299756253
663,0.0189831160628273,0.042239212596769,0.00266562997585269
664,0.0215716706675266,0.0428755837358494,0.00266562997581462
665,0.0241390012638476,0.0435927983321562,0.00266562997602097
666,0.0266825836838507,0.0443901512287539,0.00266562997569712
667,0.0291999171076895,0.0452668584778166,0.00266562997560433
668,0.0316885265237943,0.04622205811188,0.00266562997595392
669,0.0341459651622245,0.047254810989898,0.00266562997573476
670,0.0365698168984636,0.0483641017219725,0.00266562997571924
671,0.0389576986312932,0.0495488396666133,0.00266562997584518
672,0.0413072626242865,0.0508078600043973,0.00266562997559316
673,0.0436161988145614,0.0521399248812031,0.00266562997615008
674,0.0458822370846974,0.053543724627616,0.00266562997557174
675,0.0481031494923627,0.0550178790442715,0.00266562997570111
676,0.0502767524640149,0.0565609387608674,0.00266562997591918
677,0.0524009089399442,0.0581713866595237,0.00266562997587349
678,0.0544735304747519,0.0598476393677174,0.00266562997576261
679,0.0564925792923532,0.0615880488137464,0.00266562997558056
680,0.05845607028823,0.063390903848358,0.00266562997575023
681,0.0603620729821159,0.0652544319266326,0.00266562997596839
682,0.0622087134156573,0.0671768008501203,0.00266562997565335
683,0.0639941759936846,0.069156120569005,0.00266562997573163
684,0.0657167052713703,0.071190445040429,0.00266562997587222
685,0.0673746076790849,0.073277774141161,0.00266562997578863
686,0.0689662531872273,0.0754160556343777,0.00266562997596999
687,0.0704900769092092,0.0776031871880605,0.00266562997576445
688,0.0719445806398653,0.0798370184406849,0.00266562997576471
689,0.0733283343288349,0.0821153531167056,0.167590037613923
690,0.219497829164993,0.000134260865024771,0.001000000000204
691,0.220497829165197,0.000134260865024771,0.168467468334665
692,0.0746399774866404,0.0844359511850143,0.00266562997563364
693,0.0758782205211901,0.0867965310617365,0.00266562997593414
694,0.0770418460074325,0.0891947718537267,0.119249765057265
695,0.18829404265216,0.0462592945891629,0.00266562997593276
696,0.185836604013275,0.0472920474660441,0.00533060470753666
697,0.190782652068719,0.0453040949562364,0.00799426911212587
698,0.183412752276581,0.0484013381967543,0.0106559684291258
699,0.193299985493013,0.0444273877080832,0.0133150483803606
700,0.181024870543297,0.0495860761404856,0.0159708553319643
701,0.195843567913016,0.0436300348126224,0.1271235121241
702,0.0781297098824325,0.0916283156393547,0.108502018296201
703,0.178675306549394,0.0508450964771328,0.0212700398843915
704,0.198410898509792,0.0429128202176798,0.0239121148809134
705,0.176366370358664,0.0521771613530291,0.0265483119910466
706,0.200999453114491,0.0422764490797363,0.00266562997578642
707,0.203606686692183,0.0417215470711199,0.0318004821204274
708,0.174100332088074,0.0535809610983051,0.0344151640927336
709,0.206230035842509,0.041248659764733,0.0370213864021369
710,0.171879419679499,0.0550551155140511,0.0396185084077505
711,0.208866921319895,0.0408582520979053,0.0422058917060525
712,0.169705816706937,0.0565981752297375,0.0447829002866924
713,0.211514750571041,0.0405507079144627,0.047348900689749
714,0.167581660230553,0.0582086231272569,0.0499032621619576
715,0.214170920282413,0.0403263295879697,0.0524453568099469
716,0.165509038694836,0.0598848758345412,0.0549745597557475
717,0.216832818939565,0.0401853377250063,0.00266562997589554
718,0.219497829396914,0.0401278709466624,0.059991807029941
719,0.16348998987678,0.0616252852796606,0.0609264522996646
720,0.220497829397573,0.0401278709468897,0.00266562997592002
721,0.223162839854922,0.0401853377263706,0.0658731083287106
722,0.161526498879994,0.0634281403135901,0.0879082192160245
723,0.0791407425722355,0.0940947697881711,0.156228165918146
724,0.225824738512074,0.0403263295906982,0.0707549987176612
725,0.159620496184743,0.0652916683907279,0.0731701542378133
726,0.228480908222991,0.0405507079181007,0.00266562997597808
727,0.231128737474137,0.0408582521029075,0.0779459177040157
728,0.157773855750747,0.0672140373135335,0.0803053517096966
729,0.233765622951523,0.0412486597710995,0.082645045690484
730,0.15598839317181,0.0691933570315086,0.0849644245217513
731,0.236388972101395,0.0417215470783958,0.00266562997562539
732,0.238996205678632,0.0422764490883765,0.0895399613437077
733,0.154265863892761,0.0712276815022506,0.0784077418865386
734,0.0800739500409691,0.0965917093124062,0.170197429353497
735,0.241584760283331,0.0429128202274569,0.094027463563189
736,0.152607961484136,0.073315010602073,0.0962368194286458
737,0.244152090879652,0.0436300348237637,0.00266562997602087
738,0.246695673299655,0.0444273877203614,0.100584025372798
739,0.151016315975539,0.0754532920946076,0.102720806855976
740,0.249213006723494,0.0453040949694241,0.00266562997560449
741,0.251701616139599,0.0462592946034874,0.106918100739874
742,0.149492492252648,0.0776404236476083,0.0718488849992275
743,0.0809284147712788,0.0991166792514377,0.180816611778999
744,0.254159054778029,0.0472920474815055,0.111010274046325
745,0.148037988520628,0.0798742548995506,0.113015679031575
746,0.256582906514268,0.0484013382135799,0.00266562997571961
747,0.258970788247098,0.0495860761582207,0.116942661024306
748,0.146654234830748,0.0821525895748891,0.304115337100249
749,0.439510918548422,0.000170267934890944,0.00100000000020301
750,0.440510918548625,0.000170267934890944,6.05156355959503e-06
751,0.44051091854908,0.000176319498450539,0.186216497702443
752,0.261320352240091,0.0508450964960048,0.00266562997559325
753,0.263629288430366,0.0521771613728106,0.12261637713948
754,0.145342591672033,0.0844731876425158,0.0659211182393107
755,0.0817032966633633,0.101667197085362,0.190365411823139
756,0.265895326700502,0.0535809611192235,0.00266562997557146
757,0.268116239108167,0.0550551155358789,0.128018872438018
758,0.14410434863612,0.0868337675187831,0.129757349677482
759,0.270289842079819,0.0565981752524749,0.00266562997591974
760,0.272413998555749,0.0582086231511312,0.133138196890657
761,0.142940723148968,0.0892320083103186,0.0623755074177364
762,0.0823978338626148,0.104240755176079,0.197143465081869
763,0.274486620090556,0.0598848758593249,0.136388144245539
764,0.141852859272603,0.0916655520954919,0.137963026828102
765,0.276505668908158,0.0616252853053538,0.00266562997558005
766,0.278469159904034,0.0634281403399655,0.141010674272582
767,0.140841826581891,0.0941320062438535,0.142482689986039
768,0.28037516259792,0.0652916684182401,0.338974014691908
769,0.613041842432722,0.000205089432711247,0.540649821899558
770,0.0830113435085877,0.106834823232703,0.203112318331344
771,0.282221803031462,0.0672140373417278,0.143671219518537
772,0.423619776075611,0.041757554140986,0.00266562997602124
773,0.426243125225938,0.0412846668345992,0.00533060470778646
774,0.42101254249792,0.0423124561496024,0.00799426911245283
775,0.428880010703324,0.0408942591677715,0.0106559684292048
776,0.41842398789322,0.042948827287546,0.0133150483805406
777,0.43152783995447,0.0405867149843289,0.0159708553323519
778,0.415856657296445,0.0436660418824886,0.280984677457518
779,0.139908619111793,0.0966289457676339,0.299606302981851
780,0.434184009665842,0.0403623366578358,0.0212700398844933
781,0.413313074876442,0.0444633947779494,0.13164939553482
782,0.284007265609489,0.0691933570606125,0.155560368350144
783,0.436845908322994,0.0402213447948725,0.0265483119913714
784,0.410795741452148,0.0453401020261026,0.0291779832062974
785,0.439510918780343,0.0401638780165285,0.00100000000065803
786,0.440510918781001,0.0401638780167559,0.0327822854088159
787,0.408307132035588,0.0462953016590291,0.0353938691066462
788,0.44317592923835,0.0402213447962367,0.0379967525642672
789,0.405849693396704,0.0473280545359103,0.0405902959611392
790,0.445837827895502,0.0403623366605643,0.0431738617733861
791,0.40342584166001,0.0484373452666205,0.0457468149293702
792,0.44849399760642,0.0405867149879668,0.0483085229661467
793,0.401037959926725,0.0496220832103518,0.0508583561851369
794,0.451141826857565,0.0408942591727737,0.168170320902943
795,0.285729794887175,0.0712276815320365,0.11477642957459
796,0.398688395932822,0.0508811035469989,0.0559198941231087
797,0.453778712334952,0.0412846668409657,0.0584303546544522
798,0.396379459742093,0.0522131684228953,0.0609264522996891
799,0.456402061484823,0.041757554148262,0.171207549494545
800,0.62504023783913,0.012207757536089,0.234610138832192
801,0.394113421471502,0.0536169681681713,0.0658731083285456
802,0.45900929506206,0.0423124561582426,0.0683224507645333
803,0.391892509062927,0.0550911225839172,0.0707549987175682
804,0.461597849666759,0.0429488272973231,0.176836880428807
805,0.287387697294889,0.0733150106327685,0.150567224085813
806,0.139054154380574,0.0991539157062107,0.329812193968956
807,0.46416518026308,0.0436660418936299,0.0755673236510858
808,0.389718906090366,0.0566341822996037,0.0779459177043
809,0.466708762683083,0.0444633947902275,0.0803053517098216
810,0.387594749613982,0.0582446301971231,0.308332610327912
811,0.0835432224066608,0.109446850798577,0.390974365274986
812,0.469226096106922,0.0453401020392903,0.182744894029329
813,0.288979342803032,0.0754532921259852,0.0977842785161609
814,0.385522128078264,0.0599208829044073,0.0872629180720855
815,0.471714705523027,0.0462953016733536,0.0895399613434778
816,0.383503079260208,0.0616612923495268,0.0917949946121539
817,0.474172144161457,0.0473280545513717,0.186153520160609
818,0.290503166525014,0.0776404236796679,0.188370276136513
819,0.476595995897696,0.0484373452834461,0.0962368194283567
820,0.381539588263422,0.0634641473834563,0.246247641037782
821,0.13827927248758,0.10170443353968,0.344662442368748
822,0.478983877630526,0.0496220832280869,0.100584025373062
823,0.379633585568172,0.065327675460594,0.102720806856195
824,0.481333441623519,0.0508811035658709,0.191582320706594
825,0.29195767025567,0.0798742549322924,0.0867527239811691
826,0.377786945134176,0.0672500443833997,0.106918100739986
827,0.483642377813794,0.0522131684426768,0.10897758139525
828,0.376001482555239,0.0692293641013748,0.111010274046153
829,0.48590841608393,0.0536169681890897,0.194669792601099
830,0.293341423944639,0.0821525896083131,0.196658716445841
831,0.488129328491596,0.0550911226057451,0.114993303399048
832,0.374278953276189,0.0712636885721167,0.238985558216265
833,0.137584735286964,0.10427799163017,0.355921421776229
834,0.490302931463248,0.0566341823223411,0.410074878853243
835,0.0839929476192083,0.112074269760569,0.291214134679386
836,0.372621050867565,0.0733510176719392,0.120754666413445
837,0.492427087939177,0.0582446302209974,0.199505640381747
838,0.294653067102445,0.0844731876766218,0.0769028952528676
839,0.371029405358968,0.0754892991644738,0.124447947280499
840,0.494499709473985,0.0599208829291911,0.00266562997576228
841,0.496518758291586,0.06166129237522,0.128018872437799
842,0.369505581636076,0.0776764307174744,0.0741816539736486
843,0.295891310136994,0.0868337675533439,0.160178420544896
844,0.136971225639627,0.106872059686339,0.364107768479486
845,0.498482249287463,0.0634641474098316,0.131463930994607
846,0.368051077904056,0.0799102619694168,0.258693646330554
847,0.625034133827285,0.0502098979959555,0.125559320870468
848,0.500388251981349,0.0653276754881063,0.204733618808776
849,0.297054935623237,0.0892320083453342,0.0699678089818446
850,0.366667324214177,0.0821885966447553,0.136388144245304
851,0.50223489241489,0.067250044411594,0.0731347863222937
852,0.575029327588709,0.0602025499538286,0.0715804272360099
853,0.504020354992917,0.0692293641304786,0.13950399643305
854,0.365355681055462,0.0845091947123819,0.0675927873277025
855,0.298142799498237,0.0916655521309622,0.208600170740467
856,0.505742884270603,0.0712636886019027,0.42361709481317
857,0.0843600769817385,0.114714496871784,0.0523412602390251
858,0.136439346740644,0.109484087252213,0.22879842741079
859,0.364117438019548,0.0868697745886493,0.143919681734688
860,0.507400786678318,0.0733510177026346,0.209281254632897
861,0.29915383218804,0.0941320062797786,0.210665110012821
862,0.50899243218646,0.0754892991958513,0.146687189113954
863,0.362953812532396,0.0892680153801848,0.148017024457859
864,0.510516255908442,0.0776764307495341,0.211280980874242
865,0.300087039656773,0.0966289458040137,0.061975097710496
866,0.361865948656032,0.091701559165358,0.150567224086296
867,0.511970759639098,0.0799102620021586,0.377357570938649
868,0.135989621527187,0.112111506213978,0.225580073544206
869,0.360854915965319,0.0941680133137197,0.0601205132211781
870,0.300941504387083,0.0991539157430452,0.213089437603875
871,0.513354513328068,0.0821885966781792,0.0026656299758322
872,0.514666156485873,0.084509194746488,0.155221153966521
873,0.359921708495222,0.0966649528375001,0.0584230767796267
874,0.301716386279168,0.10170443357697,0.214701122778877
875,0.515904399520423,0.0868697746232101,0.432336988758138
876,0.0846442495376323,0.117364936293143,0.275024200528811
877,0.359067243764002,0.0991899227760769,0.158312005605923
878,0.517068025006665,0.0892680154152004,0.382295846701237
879,0.135622492162838,0.114751733324965,0.167116965281852
880,0.302410923478419,0.104277991667686,0.21611121384704
881,0.518155888881665,0.0917015592008283,0.160178420544796
882,0.358292361871008,0.101740440609547,0.16105267962199
883,0.519166921571468,0.0941680133496448,0.216515514701335
884,0.303024433124392,0.10687205972431,0.0546333116425963
885,0.357597824670393,0.104313998700036,0.162682226526282
886,0.520100129040202,0.0966649528738799,0.00266562997588873
887,0.520954593770512,0.0991899228129114,0.164151826241587
888,0.356984315023055,0.106908066756205,0.0534900681100944
889,0.303556312022465,0.109484087290184,0.168404242969274
890,0.13533831960558,0.117402172746097,0.386708437109182
891,0.521729475662596,0.101740440646836,0.437266662314927
892,0.0848451858919361,0.120022982144746,0.271810244529669
893,0.356452436124073,0.109520094322079,0.0525103815661422
894,0.304006037235013,0.112111506252177,0.218557116563074
895,0.522424012861848,0.104313998737553,0.166605563212307
896,0.356002710910616,0.112147513283844,0.167116965281302
897,0.523037522507821,0.106908066794176,0.218804990004583
898,0.304373166597543,0.114751733363391,0.219258658667837
899,0.523569401405894,0.10952009436005,0.388574995267736
900,0.135137383250367,0.1200602185977,0.220561226143984
901,0.355635581546267,0.114787740394831,0.168404242969317
902,0.524019126618441,0.112147513322043,0.219424714300624
903,0.304657339153437,0.11740217278475,0.0506940826231243
904,0.355351408989009,0.117438179815963,0.169055624947877
905,0.524386255980971,0.114787740433258,0.00266562997578657
906,0.524670428536865,0.117438179854616,0.219827791024412
907,0.30485827550774,0.120060218636354,0.0502922100157895
908,0.355150472633795,0.120096225667567,0.270200195675163
909,0.0849626884860299,0.122686021068148,0.439916299557698
910,0.524871364891169,0.12009622570622,0.389860335321986
911,0.135019880654909,0.122723257521102,0.169955897446925
912,0.304975778101834,0.122723257559755,0.0500572048867513
913,0.355032970038337,0.122759264590968,0.169955897446926
914,0.524988867485263,0.122759264629622,0.00266562997589324
915,0.525022820792401,0.125424678357604,0.170023804062566
916,0.354999016729835,0.12542467831895,0.0499892982887023
917,0.305009731408973,0.125388671287737,0.21998004475592
918,0.524973191430036,0.128089846287367,0.169924545338745
919,0.355048646091291,0.128089846248713,0.169812253053008
920,0.524840028193012,0.130752148058491,0.389890993523062
921,0.134985927346406,0.125388671249084,0.169995068120561
922,0.304960102046607,0.1280538392175,0.219728626020366
923,0.52462346200582,0.133408966127945,0.169462480641015
924,0.35518180932695,0.130752148019837,0.270239139390619
925,0.0849966417931682,0.12535143479613,0.439457498546278
926,0.524323705793904,0.136057688344636,0.219561751780053
927,0.304826938809583,0.130716140988625,0.0506430796584803
928,0.355398375513232,0.133408966089519,0.168625574069739
929,0.523941054273564,0.138695710516913,0.219395258829037
930,0.304610372622392,0.133372959058079,0.219009758596188
931,0.52347588366365,0.141320438973707,0.388666811389443
932,0.135035556707862,0.128053839178847,0.220807684679476
933,0.355698131723784,0.136057688306209,0.167415676818261
934,0.522928651313578,0.143929293113615,0.218761000888842
935,0.304310616410476,0.136021681274769,0.051839180221393
936,0.35608078324276,0.138695710478714,0.166403149413528
937,0.522299895255856,0.146519707942844,0.00266562997573166
938,0.521590233676307,0.14908913659724,0.165227016453599
939,0.356545953851764,0.141320438935736,0.0526852187592191
940,0.303927964890136,0.138659703447047,0.217260206480268
941,0.520800364304705,0.151635052845677,0.386198609536091
942,0.135168719943522,0.130716140949971,0.0502942085345459
943,0.0849470124308027,0.128016602725893,0.272610993196617
944,0.357093186200473,0.143929293075871,0.0536955699116699
945,0.303462794280222,0.141284431903841,0.216850552241406
946,0.519931063731747,0.154154953574107,0.00266562997577116
947,0.518983186642799,0.156646361246885,0.161578891099088
948,0.357721942256831,0.146519707905327,0.0548692757042399
949,0.302915561930149,0.143893286043749,0.215579585982164
950,0.517957664979349,0.159106826342395,0.159840289954233
951,0.35843160383547,0.149089136560178,0.158911944102976
952,0.516855507021774,0.161533929760708,0.382508260957129
953,0.135385286129804,0.133372959019653,0.167415676817739
954,0.302286805872427,0.146483700872977,0.214102600875024
955,0.515677796397995,0.163925285203732,0.156938302779054
956,0.359221473205707,0.151635052808842,0.155893492451656
957,0.514425691019369,0.166278541519659,0.213544418475134
958,0.301577144292878,0.149053129527374,0.0587356232939278
959,0.360090773777756,0.154154953537727,0.276276148241165
960,0.0848138491937789,0.130678904497017,0.429961329161021
961,0.51310042194018,0.168591385015361,0.152530212797678
962,0.361038650865339,0.15664636121096,0.151333755291009
963,0.511703292149377,0.170861541731483,0.377628839032138
964,0.135685042340356,0.136021681236343,0.165835465112864
965,0.300787274921277,0.151599045775811,0.210547750223762
966,0.510235675287731,0.173086779677305,0.148829544534513
967,0.36206417252788,0.159106826306925,0.147522406850304
968,0.5086990142986,0.175264911025806,0.209849170735241
969,0.299917974348318,0.154118946504241,0.063681524244579
970,0.363166330484546,0.16153392972592,0.144799673340876
971,0.507094820007751,0.177393794264844,0.0026656299759785
972,0.505424669639979,0.179471336302413,0.207716429202404
973,0.298970097259371,0.156610354177019,0.0657819181052903
974,0.364344041106961,0.163925285169398,0.229670286137366
975,0.136067693859331,0.138659703408848,0.370109734935722
976,0.503690205267048,0.181495494524142,0.138929927412205
977,0.365596146484677,0.166278541485781,0.282923294541698
978,0.0845972830065875,0.133335722566471,0.420295964646835
979,0.50189313219289,0.183464278802376,0.205402177704672
980,0.29794457559592,0.159070819272529,0.0696307807166258
981,0.366921415562501,0.168591384982165,0.134167802516758
982,0.50003521727831,0.185375753452263,0.0756143699986087
983,0.575007352887042,0.195209970886935,0.0254968557776375
984,0.600008230878302,0.200214544216578,0.10271421487061
985,0.498118287202487,0.187228039135334,0.202913810671055
986,0.296842417638345,0.161497922690842,0.0720868517409697
987,0.368318545352395,0.170861541698969,0.233665160622986
988,0.136532864468336,0.14128443186587,0.362765696920637
989,0.496144226667184,0.189019314706456,0.12735857303712
990,0.369786162213131,0.173086779645246,0.125576934126781
991,0.494114976545916,0.190747819005537,0.20025955831076
992,0.295664707014566,0.163889278133865,0.076508532647783
993,0.371322823201353,0.175264910994656,0.121921496863517
994,0.492032531971745,0.192411852588066,0.00266562997570038
995,0.489898940379589,0.194009779396538,0.118146187865266
996,0.372927017491293,0.177393794234376,0.0793023586779763
997,0.294412601635941,0.166242534449793,0.195511285490363
998,0.48771629949033,0.195540028368441,0.114254718970335
999,0.374597167857701,0.179471336272627,0.240166935060817
1000,0.137080096817044,0.143893286006005,0.053371804050967
1001,0.0842975267946713,0.135984444783162,0.405802696676571
1002,0.485486755249894,0.197001094981943,0.194490865262027
1003,0.293087332556752,0.168555377945495,0.0842440504982924
1004,0.376331632229721,0.181495494495039,0.108208115599035
1005,0.483212499719684,0.198391542733816,0.00266562997564697
1006,0.480895768919709,0.199710004552571,0.10404322645167
1007,0.37812870530297,0.183464278774181,0.101922161708141
1008,0.478538840631245,0.200955184142913,0.18926227635211
1009,0.291690202765949,0.170825534661617,0.0894872404355441
1010,0.379986620217096,0.185375753424978,0.0976053986711268
1011,0.476144032158572,0.202125857259489,0.0954107614899651
1012,0.381903550292009,0.187228039108732,0.247570497734871
1013,0.137708852873402,0.146483700835461,0.34076144540602
1014,0.47371369804705,0.203220872910151,0.0909516730096369
1015,0.383877610826403,0.189019314680991,0.0950066209751403
1016,0.290222585904303,0.173050772607439,0.18369464413747
1017,0.471250227772543,0.204239154489414,0.00266562997561291
1018,0.468756043389021,0.205179700834833,0.0840967671502242
1019,0.385906860947216,0.190747818980981,0.081769700350353
1020,0.466233597147948,0.206041587212667,0.0794225335711863
1021,0.387989305520478,0.192411852564419,0.10077904108754
1022,0.288685924915171,0.17522890395594,0.177828719335704
1023,0.463685369087671,0.206823966226693,0.0746702127213124
1024,0.390122897112178,0.1940097793738,0.0722662268287622
1025,0.461113864595518,0.207526068651759,0.383440717545294
1026,0.0839148752743313,0.138622466955439,0.313599122529778
1027,0.392305538000528,0.195540028346841,0.0674055586070684
1028,0.458521611943524,0.208147204188663,0.325512062277415
1029,0.138418514452042,0.149053129490312,0.260566121528325
1030,0.394535082240054,0.197001094961252,0.0624786180586476
1031,0.455911159802781,0.208686762145135,0.171711621121436
1032,0.287081730624323,0.177357787194978,0.111725407321297
1033,0.39680933776981,0.198391542714035,0.0574902492913021
1034,0.453285074737778,0.209144212033834,0.00266562997553551
1035,0.450645938684374,0.209519104095762,0.0524453568095445
1036,0.399126068569331,0.199710004534154,0.0499032621616551
1037,0.447996346408218,0.20981106974159,0.0473489006897884
1038,0.401482996856885,0.200955184125405,0.0447829002866971
1039,0.445338902956792,0.210019821914329,0.0422058917058865
1040,0.403877805329557,0.202125857242891,0.0396185084078361
1041,0.442676221096008,0.210145155371492,0.0370213864022004
1042,0.406308139440171,0.203220872894917,0.123214163592313
1043,0.28541158025655,0.179435329232547,0.157628098537025
1044,0.440010918741791,0.210186946886324,0.0318004821203561
1045,0.408771609714222,0.20423915447509,0.0291779832059544
1046,0.437345616388029,0.210145155370128,0.0265483119913419
1047,0.411265794097289,0.205179700821645,0.0239121148810832
1048,0.434682934527245,0.210019821912056,0.0212700398839825
1049,0.413788240338363,0.206041587200616,0.0186227364546707
1050,0.432025491075819,0.209811069737952,0.0159708553322725
1051,0.416336468397731,0.206823966216007,0.0133150483808292
1052,0.429375898800117,0.209519104090987,0.0106559684296016
1053,0.418907972889428,0.207526068641982,0.00799426911270013
1054,0.426736762746714,0.209144212027695,0.00533060470774885
1055,0.421500225541422,0.20814720418025,0.00266562997595853
1056,0.424110677682165,0.208686762137859,0.290565525157862
1057,0.139208383822279,0.151599045738976,0.147522406850093
1058,0.28367711588362,0.181459487454276,0.336749538475136
